"Prompt","Response","Model"
"What is Ai Agents?","An AI agent is a software system or program that utilizes artificial intelligence to perceive its environment, make decisions autonomously, and take actions to achieve specific goals on behalf of a user or another system.","Gemini"
"What is Ai Agents?","An AI agent is a software system that can perceive its environment, make decisions, and take actions to achieve specific goals with some degree of autonomy. Unlike traditional software that simply follows predetermined instructions, AI agents can adapt their behavior based on changing conditions and learn from experience.","Claude"
"What is Ai Agents?","An AI agent is a software program or system that can perceive its environment, make decisions, and take actions to achieve specific goals using artificial intelligence techniques.","ChatGpt"
"What is Api?","An API is a set of rules and protocols that allows different software applications to communicate with each other. Think of it as a messenger that takes your request from one application, delivers it to another, and then brings the response back to you.","Gemini"
"What is Api?","An API (Application Programming Interface) is a set of rules, protocols, and tools that allows different software applications to communicate with each other. Think of it as a bridge or translator that enables one program to request services or data from another program in a standardized way.","Claude"
"What is Api?","An API (Application Programming Interface) is a set of rules and tools that allows different software applications to communicate with each other.","ChatGpt"
"Why is the sky Blue?","The sky appears blue due to Rayleigh scattering. Sunlight, which contains all colors, enters Earth's atmosphere, where it encounters tiny nitrogen and oxygen molecules. Blue and violet light, having shorter wavelengths, are scattered much more efficiently by these small particles in all directions. Our eyes are more sensitive to blue than violet, making the sky appear predominantly blue. The other colors, with longer wavelengths, pass through more directly.","Gemini"
"Why is the sky Blue?","The sky appears blue because of Rayleigh scattering, which happens when sunlight hits tiny gas molecules in our atmosphere. Blue light has a shorter wavelength than other colors, so it gets scattered in all directions much more than red or yellow light. This scattered blue light reaches our eyes from everywhere across the sky, making it look blue. During sunsets, the light travels through more atmosphere, scattering away most of the blue and leaving the longer red and orange wavelengths visible.","Claude"
"Why is the sky Blue?","The sky appears blue because of a phenomenon called Rayleigh scattering. When sunlight enters Earth’s atmosphere, it is made of many colors. Blue light has a shorter wavelength and is scattered more than other colors by the gases and particles in the air. As a result, we see more blue light coming from all directions in the sky. That’s why the sky looks blue during the day.","ChatGpt"
"How to be Consistent?","To be consistent, start by setting clear, realistic, and specific goals, breaking them into small, manageable steps. Schedule these actions into your routine and stick to the schedule as much as possible, using reminders if needed. Don't aim for perfection; instead, focus on showing up regularly, even for small efforts, and learn to reframe setbacks as part of the process. Finally, track your progress and celebrate small wins to maintain motivation and reinforce your new habits.","Gemini"
"How to be Consistent?","Consistency comes from building systems and habits rather than relying on motivation alone. Start small with one specific behavior you want to change, and focus on doing it daily rather than doing it perfectly - it's better to exercise for 10 minutes every day than for 2 hours once a week. Create clear triggers and routines, like always doing your target behavior after an existing habit (such as reading after your morning coffee), and track your progress visually to maintain momentum.","Claude"
"How to be Consistent?","To be consistent, start by setting clear and realistic goals. Build a daily routine and follow it even when you don't feel like it—discipline matters more than motivation. Track your progress to stay motivated and adjust when needed. Avoid perfectionism; focus on doing small things regularly. Surround yourself with a positive environment and remind yourself of your 'why' often.","ChatGpt"
"Benifits of Meditation?","Meditation offers a wide range of benefits for both mental and physical well-being. It significantly reduces stress and anxiety by promoting relaxation and helping to regulate the body's stress response. Regular practice can also improve focus, attention span, and self-awareness, allowing for greater clarity and emotional control. Additionally, meditation can enhance emotional health, foster positive feelings like compassion, and even improve sleep quality.","Gemini"
"Benifits of Meditation?","Meditation offers significant mental health benefits, including reduced stress, anxiety, and depression while improving emotional regulation and overall mood. Regular practice enhances focus, concentration, and memory, making it easier to stay present and productive throughout the day. Physically, meditation can lower blood pressure, improve sleep quality, boost immune function, and reduce chronic pain and inflammation.","Claude"
"Benifits of Meditation?","Meditation helps reduce stress and anxiety by calming the mind. It improves focus, attention, and emotional control, making you more productive and balanced. Regular practice can lead to better sleep, increased self-awareness, and improved mental clarity. It also promotes a sense of inner peace and happiness. Long-term, it benefits both mental and physical health.","ChatGpt"
"What is Recession?","A recession is a significant and widespread decline in economic activity, typically lasting more than a few months. While a common rule of thumb is two consecutive quarters of negative Gross Domestic Product (GDP) growth, economists also consider factors like employment, industrial production, and real income. Recessions are often caused by shocks to the economy, such as financial crises, asset bubbles bursting, or sudden drops in demand or supply. They lead to increased unemployment, reduced consumer spending, decreased business profits, and often a tightening of credit.","Gemini"
"What is Recession?","A recession is a significant decline in economic activity that spreads across the economy and lasts for an extended period, typically defined as two consecutive quarters of negative GDP growth. During a recession, businesses reduce production, unemployment rises, consumer spending decreases, and overall economic output shrinks. It's essentially the economy contracting rather than growing.","Claude"
"What is Recession?","A recession is a period of significant decline in economic activity across the economy, lasting for months or even years. It typically includes a drop in GDP (Gross Domestic Product), reduced consumer spending, lower investment, and rising unemployment. Businesses may cut costs, stop hiring, or even shut down. Recessions are part of the economic cycle and can be triggered by factors like inflation, high interest rates, or global events. Governments and central banks usually respond with policies to boost spending and growth.","ChatGpt"
"Write a short Paragraph about Global Warming","Global warming refers to the long-term increase in Earth's average surface temperature, primarily caused by human activities. The burning of fossil fuels, deforestation, and industrial processes release greenhouse gases like carbon dioxide and methane into the atmosphere. These gases trap heat, leading to a 'greenhouse effect' that warms the planet. This warming causes significant climate changes, including rising sea levels, more frequent extreme weather events, and disruptions to ecosystems worldwide.","Gemini"
"Write a short Paragraph about Global Warming","Global warming is the increase in Earth's average temperatures caused by human activities, especially burning fossil fuels that release greenhouse gases into the atmosphere. These gases trap heat from the sun, leading to rising sea levels, melting ice caps, and more extreme weather events. Without reducing emissions, temperatures could rise dangerously by 2-4 degrees Celsius this century, causing widespread flooding, droughts, and food shortages. Urgent action is needed to transition to renewable energy and reduce carbon emissions to prevent catastrophic climate impacts.","Claude"
"Write a short Paragraph about Global Warming","Global warming is the gradual increase in Earth’s average temperature due to the buildup of greenhouse gases like carbon dioxide and methane in the atmosphere. These gases trap heat from the sun, leading to climate changes, rising sea levels, and more extreme weather events. Human activities such as burning fossil fuels, deforestation, and industrial emissions are the main causes. If not addressed, global warming can threaten ecosystems, wildlife, and human life. It’s important to take action through renewable energy, conservation, and sustainable practices.","ChatGpt"
